City_ID,City,Country,Date,Lat,Lng,Max Temp,Humidity,Cloudiness,Wind Speed
0,Gayny,RU,2022-01-25 10:00:16,60.3071,54.3241,18.27,83,96,10.71
1,Avarua,CK,2022-01-25 09:58:18,-21.2078,-159.775,75.25,100,20,1.14
2,Nichinan,JP,2022-01-25 10:00:18,31.6,131.3667,46.76,83,96,7.36
3,Vaini,TO,2022-01-25 10:00:19,-21.2,-175.2,80.73,74,16,17.52
4,Codrington,AU,2022-01-25 10:00:20,-38.2667,141.9667,73.94,57,97,9.82
5,Moissala,TD,2022-01-25 10:00:21,8.3404,17.7663,92.26,10,34,7.36
6,Weihai,CN,2022-01-25 10:00:22,37.5017,122.1136,36.46,74,100,15.75
7,Airai,TL,2022-01-25 10:00:23,-8.9266,125.4092,65.21,86,90,3.31
8,Port Elizabeth,ZA,2022-01-25 09:58:38,-33.918,25.5701,74.1,78,75,13.8
9,Georgetown,MY,2022-01-25 10:00:24,5.4112,100.3354,85.95,74,20,8.05
10,Bluff,NZ,2022-01-25 10:00:24,-46.6,168.3333,58.8,80,39,12.5
11,Albany,US,2022-01-25 09:57:07,42.6001,-73.9662,30.78,85,99,2.91
12,Tiksi,RU,2022-01-25 10:00:25,71.6872,128.8694,-6.93,97,100,10.71
13,Punta Arenas,CL,2022-01-25 10:00:25,-53.15,-70.9167,44.11,70,84,23.15
14,Antananarivo,MG,2022-01-25 09:59:44,-18.9137,47.5361,66.16,94,75,6.91
15,Tasiilaq,GL,2022-01-25 10:00:26,65.6145,-37.6368,23.16,92,100,1.74
16,Hobart,AU,2022-01-25 09:56:40,-42.8794,147.3294,63.1,79,75,13.8
17,Sehithwa,BW,2022-01-25 10:00:26,-20.4667,22.7167,84.83,39,90,6.29
18,Ponta Do Sol,PT,2022-01-25 10:00:27,32.6667,-17.1,61.43,63,14,7.65
19,Castro,BR,2022-01-25 10:00:27,-24.7911,-50.0119,63.1,95,77,3.4
20,Mufulira,ZM,2022-01-25 10:00:28,-12.5498,28.2407,74.44,70,100,4.03
21,Mataura,NZ,2022-01-25 10:00:29,-46.1927,168.8643,58.48,98,75,1.48
22,Yellowknife,CA,2022-01-25 09:55:50,62.456,-114.3525,0.41,88,100,19.57
23,Maibong,IN,2022-01-25 10:00:29,25.3,93.1667,65.55,83,14,0.58
24,Kierspe,DE,2022-01-25 10:00:30,51.1333,7.5833,37.26,75,0,0.87
25,Mucuri,BR,2022-01-25 10:00:30,-18.0864,-39.5508,74.62,87,100,3.44
26,Sibolga,ID,2022-01-25 10:00:30,1.7427,98.7792,81.28,83,74,3.42
27,Mehamn,NO,2022-01-25 10:00:31,71.0357,27.8492,30.11,78,100,35.75
28,East London,ZA,2022-01-25 09:58:42,-33.0153,27.9116,76.14,78,20,12.66
29,Rikitea,PF,2022-01-25 10:00:31,-23.1203,-134.9692,78.06,75,100,17.69
30,Sur,OM,2022-01-25 10:00:32,22.5667,59.5289,72.63,54,0,12.75
31,Hlotse,LS,2022-01-25 10:00:32,-28.8718,28.045,82.24,29,8,3.8
32,Samarai,PG,2022-01-25 10:00:33,-10.6167,150.6667,84.4,74,100,5.7
33,Saskylakh,RU,2022-01-25 10:00:34,71.9167,114.0833,10.72,90,100,15.73
34,Gat,IL,2022-01-25 10:00:34,31.61,34.7642,58.41,43,0,10.94
35,Ukiah,US,2022-01-25 10:00:35,39.1502,-123.2078,49.37,90,0,2.44
36,Prince Rupert,CA,2022-01-25 09:58:50,54.3161,-130.3201,44.29,88,100,6.91
37,Outlook,CA,2022-01-25 10:00:35,51.5001,-107.0513,-23.21,98,6,2.89
38,Ahipara,NZ,2022-01-25 10:00:36,-35.1667,173.1667,65.89,92,48,5.86
39,Sakakah,SA,2022-01-25 10:00:07,29.9697,40.2064,57.74,28,0,14.88
40,Ushuaia,AR,2022-01-25 10:00:36,-54.8,-68.3,39.9,98,100,4.5
41,Sumbe,AO,2022-01-25 10:00:37,-11.2061,13.8437,82.0,71,74,7.58
42,Carnarvon,AU,2022-01-25 10:00:37,-24.8667,113.6333,78.93,64,0,29.64
43,Lasem,ID,2022-01-25 10:00:37,-6.6922,111.4527,82.17,84,89,14.74
44,Qaanaaq,GL,2022-01-25 10:00:38,77.484,-69.3632,-12.64,58,0,8.68
45,Tuktoyaktuk,CA,2022-01-25 10:00:38,69.4541,-133.0374,20.77,88,97,11.39
46,Butaritari,KI,2022-01-25 10:01:39,3.0707,172.7902,81.82,79,53,16.91
47,Cape Town,ZA,2022-01-25 09:58:43,-33.9258,18.4232,82.11,56,20,5.99
48,Puerto Ayora,EC,2022-01-25 10:01:39,-0.7393,-90.3518,72.88,92,98,8.23
49,Hilo,US,2022-01-25 10:00:14,19.7297,-155.09,69.8,91,64,3.0
50,Mantua,IT,2022-01-25 10:01:40,45.1667,10.7833,44.71,94,28,7.0
51,Gewane,ET,2022-01-25 10:01:40,10.1664,40.6453,85.64,30,86,7.81
52,Ostrovnoy,RU,2022-01-25 10:01:40,68.0531,39.5131,20.12,87,11,19.75
53,Hithadhoo,MV,2022-01-25 10:01:41,-0.6,73.0833,82.09,65,62,17.02
54,Porto Recanati,IT,2022-01-25 10:01:41,43.4365,13.6613,46.98,62,0,7.78
55,Shingu,JP,2022-01-25 10:01:42,33.7333,135.9833,47.37,78,96,3.6
56,Bredasdorp,ZA,2022-01-25 10:01:42,-34.5322,20.0403,70.29,63,100,9.89
57,Sao Goncalo Do Amarante,BR,2022-01-25 09:58:36,-3.6072,-38.9683,78.84,78,100,2.59
58,Tongchuan,CN,2022-01-25 10:01:42,35.0806,109.0897,38.55,63,96,6.42
59,Luderitz,NA,2022-01-25 10:01:43,-26.6481,15.1594,83.43,53,0,17.22
60,Lakatoro,VU,2022-01-25 10:01:43,-16.0999,167.4164,82.18,79,77,3.36
61,Iqaluit,CA,2022-01-25 10:01:44,63.7506,-68.5145,-34.37,98,54,2.75
62,Guerrero Negro,MX,2022-01-25 10:01:44,27.9769,-114.0611,58.5,79,5,8.97
63,Red Bluff,US,2022-01-25 10:01:45,40.1785,-122.2358,48.61,87,0,6.91
64,Sao Filipe,CV,2022-01-25 10:01:45,14.8961,-24.4956,79.07,49,22,9.73
65,Russellville,US,2022-01-25 09:56:57,35.2784,-93.1338,43.21,73,48,8.99
66,Sulangan,PH,2022-01-25 10:01:46,11.1373,123.7228,78.24,91,100,17.81
67,Christchurch,NZ,2022-01-25 09:59:23,-43.5333,172.6333,65.95,80,100,1.01
68,Taltal,CL,2022-01-25 10:00:20,-25.4,-70.4833,63.48,85,64,2.95
69,Egvekinot,RU,2022-01-25 10:01:46,66.3167,-179.1667,-26.81,80,18,5.08
70,Poum,NC,2022-01-25 10:01:47,-20.2333,164.0167,79.77,68,34,16.37
71,Mtwango,TZ,2022-01-25 10:01:47,-9.0167,34.8,68.11,73,100,15.48
72,Faanui,PF,2022-01-25 10:01:48,-16.4833,-151.75,80.49,78,93,11.16
73,Karasjok,NO,2022-01-25 10:01:48,69.4719,25.5112,26.71,85,42,18.39
74,Hobyo,SO,2022-01-25 10:01:48,5.3505,48.5268,81.7,53,36,25.3
75,Miri,MY,2022-01-25 10:01:49,4.4148,114.0089,79.95,82,96,5.28
76,Barrow,US,2022-01-25 10:01:49,71.2906,-156.7887,14.02,79,100,18.41
77,Chapais,CA,2022-01-25 10:01:50,49.7834,-74.8492,-7.82,98,100,5.03
78,Vardo,NO,2022-01-25 10:01:50,70.3705,31.1107,28.6,80,0,34.52
79,Matay,EG,2022-01-25 10:01:50,28.419,30.7792,55.99,31,0,6.24
80,Camacha,PT,2022-01-25 10:01:51,33.0833,-16.3333,57.96,72,40,17.27
81,Busselton,AU,2022-01-25 10:01:51,-33.65,115.3333,80.1,51,4,17.72
82,Vanimo,PG,2022-01-25 10:01:52,-2.6741,141.3028,79.3,82,98,3.31
83,Soubre,CI,2022-01-25 10:01:52,5.7856,-6.6083,85.77,22,23,4.38
84,Fairmont,US,2022-01-25 09:59:32,39.4851,-80.1426,36.39,96,100,7.9
85,Berlevag,NO,2022-01-25 10:01:53,70.8578,29.0864,30.15,74,75,34.52
86,Butembo,CD,2022-01-25 10:01:53,0.15,29.2833,74.39,46,100,5.7
87,Sitka,US,2022-01-25 10:01:53,57.0531,-135.33,40.89,87,100,4.61
88,Pasighat,IN,2022-01-25 10:01:54,28.0667,95.3333,65.98,66,65,0.6
89,Pangnirtung,CA,2022-01-25 10:02:54,66.1451,-65.7125,-12.01,100,100,1.61
90,Klaksvik,FO,2022-01-25 10:02:54,62.2266,-6.589,43.72,85,100,26.96
91,Marzuq,YE,2022-01-25 10:02:55,14.4,46.4667,75.78,18,100,9.93
92,Pilar,BR,2022-01-25 10:02:55,-9.5972,-35.9567,78.73,73,78,4.59
93,Aklavik,CA,2022-01-25 10:02:56,68.2191,-135.0107,31.14,78,81,9.91
94,Atuona,PF,2022-01-25 10:02:56,-9.8,-139.0333,78.19,72,3,18.68
95,Nuevo Progreso,MX,2022-01-25 10:02:56,23.1667,-97.95,62.6,84,99,9.37
96,Jamestown,US,2022-01-25 09:59:00,42.097,-79.2353,22.59,55,100,6.91
97,Surt,LY,2022-01-25 10:02:57,31.2089,16.5887,54.36,65,100,19.84
98,Suntar,RU,2022-01-25 10:02:57,62.1444,117.6319,-16.83,100,83,2.24
99,Esperance,AU,2022-01-25 10:02:57,-33.8667,121.9,64.24,78,70,15.57
100,Kruisfontein,ZA,2022-01-25 10:02:58,-34.0033,24.7314,71.89,58,83,12.68
101,Hofn,IS,2022-01-25 10:02:58,64.2539,-15.2082,42.37,75,53,39.8
102,Mount Gambier,AU,2022-01-25 10:02:59,-37.8333,140.7667,75.25,48,37,6.67
103,Padang,ID,2022-01-25 10:00:28,-0.9492,100.3543,84.25,79,99,3.67
104,Jimenez,MX,2022-01-25 10:02:59,28.3333,-105.4,45.75,37,0,2.21
105,Magistralnyy,RU,2022-01-25 10:02:59,56.1725,107.4458,-4.85,100,98,1.12
106,Sangar,RU,2022-01-25 10:03:00,63.9242,127.4739,-31.45,100,100,1.39
107,Workington,GB,2022-01-25 10:03:00,54.6425,-3.5441,38.98,96,95,7.81
108,Clyde River,CA,2022-01-25 10:03:01,70.4692,-68.5914,-8.61,93,100,7.78
109,Saint George,US,2022-01-25 10:01:10,37.1041,-113.5841,49.53,51,0,0.0
110,Belmonte,BR,2022-01-25 10:03:01,-15.8631,-38.8828,75.7,88,100,4.72
111,Kapaa,US,2022-01-25 09:59:20,22.0752,-159.319,65.12,59,2,8.28
112,Leningradskiy,RU,2022-01-25 10:03:01,69.3833,178.4167,-12.3,84,100,15.05
113,Lithakia,GR,2022-01-25 10:03:02,37.7167,20.8333,45.59,47,16,21.39
114,Tessalit,ML,2022-01-25 10:02:11,20.1986,1.0114,70.18,13,68,14.94
115,Dikson,RU,2022-01-25 10:03:02,73.5069,80.5464,11.46,84,100,35.61
116,Weligama,LK,2022-01-25 10:03:03,5.9667,80.4167,81.43,60,100,9.17
117,Amol,IR,2022-01-25 10:03:03,36.4696,52.3507,58.17,40,1,4.9
118,Khrebtovaya,RU,2022-01-25 10:03:04,56.7032,104.2494,-6.57,100,100,3.24
119,Saint-Philippe,RE,2022-01-25 10:03:04,-21.3585,55.7679,83.79,64,61,13.51
120,Palmer,US,2022-01-25 10:03:04,42.1584,-72.3287,31.14,82,100,0.0
121,Fort Nelson,CA,2022-01-25 10:03:05,58.8053,-122.7002,19.8,95,100,1.03
122,Kargasok,RU,2022-01-25 10:03:05,59.0556,80.8572,4.28,97,98,5.03
123,Pisco,PE,2022-01-25 10:03:05,-13.7,-76.2167,66.25,88,0,9.22
124,Bima,ID,2022-01-25 10:03:06,-8.4667,118.7167,80.65,89,74,3.27
125,Port Alfred,ZA,2022-01-25 10:03:06,-33.5906,26.891,78.87,66,35,14.0
126,Aitape,PG,2022-01-25 10:03:07,-3.1374,142.3475,80.1,82,99,3.11
127,Geldermalsen,NL,2022-01-25 10:03:07,51.8667,5.2833,40.03,82,2,2.35
128,Thompson,CA,2022-01-25 10:03:08,55.7435,-97.8558,-20.85,93,8,6.93
129,Port Hardy,CA,2022-01-25 10:00:26,50.6996,-127.4199,39.76,83,89,3.56
130,Bull Savanna,JM,2022-01-25 10:03:08,17.8868,-77.5902,69.42,84,0,5.26
131,Thongwa,MM,2022-01-25 10:03:09,16.7619,96.5278,89.76,36,0,7.29
132,Longyearbyen,SJ,2022-01-25 10:03:09,78.2186,15.6401,19.24,68,40,20.71
133,Cadillac,US,2022-01-25 10:03:09,44.2519,-85.4012,11.44,85,100,3.44
134,Carutapera,BR,2022-01-25 10:03:10,-1.195,-46.02,77.58,86,91,6.26
135,Yumen,CN,2022-01-25 10:04:10,40.2833,97.2,25.7,28,87,5.08
136,Manono,CD,2022-01-25 10:04:10,-7.3,27.4167,79.02,78,100,6.51
137,Saldanha,ZA,2022-01-25 10:04:11,-33.0117,17.9442,69.01,77,16,19.26
138,Khatanga,RU,2022-01-25 10:04:11,71.9667,102.5,12.51,87,100,18.32
139,Cockburn Town,TC,2022-01-25 10:04:12,21.4612,-71.1419,76.66,74,5,2.46
140,Geraldton,AU,2022-01-25 10:04:12,-28.7667,114.6,75.61,64,1,26.46
141,Asosa,ET,2022-01-25 10:04:13,10.0667,34.5333,84.0,18,91,5.48
142,Lata,PT,2022-01-25 10:04:13,40.1629,-8.3327,49.08,61,0,4.7
143,Iquique,CL,2022-01-25 10:04:13,-20.2208,-70.1431,68.04,77,96,0.76
144,Upernavik,GL,2022-01-25 10:04:14,72.7868,-56.1549,-8.75,82,100,9.17
145,Hambantota,LK,2022-01-25 10:04:14,6.1241,81.1185,86.34,70,20,6.91
146,Torbay,CA,2022-01-25 10:00:26,47.6666,-52.7314,33.76,95,100,19.57
147,Yar-Sale,RU,2022-01-25 10:04:15,66.8333,70.8333,5.18,94,41,16.22
148,Yepocapa,GT,2022-01-25 10:04:15,14.5042,-90.9569,59.79,91,1,4.27
149,Luwingu,ZM,2022-01-25 10:04:15,-10.2621,29.9271,72.57,75,98,4.92
150,Namatanai,PG,2022-01-25 10:04:16,-3.6667,152.4333,81.14,79,76,3.51
151,Harnosand,SE,2022-01-25 10:04:16,62.6323,17.9379,33.01,69,7,15.03
152,Sangolqui,EC,2022-01-25 10:04:17,-0.3341,-78.4522,56.34,93,100,2.35
153,Flin Flon,CA,2022-01-25 10:04:17,54.7682,-101.865,-22.07,96,6,5.39
154,Norman Wells,CA,2022-01-25 10:04:17,65.282,-126.8329,16.79,96,100,3.89
155,Cabedelo,BR,2022-01-25 10:02:47,-6.9811,-34.8339,81.68,68,74,10.38
156,Khash,IR,2022-01-25 10:04:18,28.2211,61.2158,58.17,12,0,5.35
157,Vigrestad,NO,2022-01-25 10:04:18,58.5667,5.7,38.59,91,100,7.49
158,Sisimiut,GL,2022-01-25 10:04:18,66.9395,-53.6735,17.11,79,100,25.95
159,Punta De Piedra,VE,2022-01-25 10:04:19,7.6176,-71.4916,71.98,66,83,2.89
160,Lixourion,GR,2022-01-25 10:04:19,38.2019,20.4314,44.6,36,0,14.97
161,Mar Del Plata,AR,2022-01-25 10:04:19,-38.0023,-57.5575,73.87,93,66,5.01
162,Chokurdakh,RU,2022-01-25 10:04:20,70.6333,147.9167,-23.94,100,97,5.55
163,Mogadishu,SO,2022-01-25 10:04:20,2.0371,45.3438,84.09,59,29,26.04
164,Pokhara,NP,2022-01-25 10:03:02,28.2333,83.9833,61.84,41,53,4.54
165,Mackenzie,CA,2022-01-25 10:04:21,55.2999,-123.1698,28.49,98,100,3.13
166,Letpadan,MM,2022-01-25 10:04:21,17.7833,95.75,86.83,24,0,4.09
167,Sao Felix Do Xingu,BR,2022-01-25 10:04:21,-6.6447,-51.995,69.73,100,100,0.29
168,Amga,RU,2022-01-25 10:04:22,60.8953,131.9608,-11.6,99,99,2.35
169,Vestmannaeyjar,IS,2022-01-25 10:04:22,63.4427,-20.2734,38.39,93,75,51.79
170,Sumenep,ID,2022-01-25 10:04:22,-7.0167,113.8667,82.18,83,53,17.4
171,Agadez,NE,2022-01-25 10:04:23,19.75,10.25,61.18,23,0,14.99
172,Ranong,TH,2022-01-25 10:04:23,9.9658,98.6348,83.68,63,60,6.42
173,Nikolskoye,RU,2022-01-25 10:04:24,59.7035,30.7861,33.69,93,94,7.65
174,New Norfolk,AU,2022-01-25 10:04:24,-42.7826,147.0587,62.74,65,19,1.99
175,Edremit,TR,2022-01-25 10:00:21,39.5961,27.0244,34.56,70,64,14.85
176,Lusambo,CD,2022-01-25 10:04:24,-4.9667,23.45,73.74,90,100,2.46
177,Quang Ngai,VN,2022-01-25 10:04:25,15.1167,108.8,76.78,84,35,3.53
178,Una,IN,2022-01-25 10:04:25,20.8167,71.0333,75.45,26,0,7.27
179,Kushalgarh,IN,2022-01-25 10:04:26,23.199,74.4507,71.33,22,0,5.41
180,Cherskiy,RU,2022-01-25 10:04:26,68.75,161.3,-37.59,100,99,5.64
181,Paveh,IR,2022-01-25 10:04:26,35.0434,46.3565,36.84,85,2,5.06
182,Mahebourg,MU,2022-01-25 10:04:27,-20.4081,57.7,84.25,54,94,15.5
183,Hasaki,JP,2022-01-25 10:05:27,35.7333,140.8333,41.4,64,100,7.78
184,Sovetskiy,RU,2022-01-25 10:05:27,61.3614,63.5842,17.67,95,100,5.66
185,Provideniya,RU,2022-01-25 10:05:28,64.3833,-173.3,-8.43,99,100,1.19
186,Meulaboh,ID,2022-01-25 10:05:28,4.1363,96.1285,83.37,70,86,8.12
187,Isangel,VU,2022-01-25 10:05:29,-19.55,169.2667,81.36,81,16,4.83
188,Lebu,CL,2022-01-25 10:02:07,-37.6167,-73.65,55.2,92,12,8.75
189,Cabo San Lucas,MX,2022-01-25 10:04:20,22.8909,-109.9124,65.52,78,2,2.04
190,Uthal,PK,2022-01-25 10:05:29,25.8072,66.6219,70.95,13,0,4.03
191,Joshimath,IN,2022-01-25 10:05:30,30.5667,79.5667,44.64,62,25,5.79
192,State College,US,2022-01-25 10:02:30,40.7934,-77.86,34.99,80,100,5.75
193,Nhulunbuy,AU,2022-01-25 10:05:30,-12.2333,136.7667,81.21,89,100,6.91
194,Dongying,CN,2022-01-25 10:05:31,37.4564,118.4856,35.01,59,52,6.42
195,Ainazi,LV,2022-01-25 10:05:31,57.8636,24.3578,33.37,87,66,6.29
196,Springbok,ZA,2022-01-25 10:05:31,-29.6643,17.8865,89.65,23,0,7.38
197,Tuatapere,NZ,2022-01-25 10:05:32,-46.1333,167.6833,58.82,92,49,1.81
198,Valparaiso,CL,2022-01-25 10:05:32,-33.0393,-71.6273,58.12,87,0,2.3
199,Hermanus,ZA,2022-01-25 10:05:33,-34.4187,19.2345,82.9,73,100,13.2
200,Aquiraz,BR,2022-01-25 10:02:09,-3.9014,-38.3911,81.21,76,95,4.34
201,Tres Arroyos,AR,2022-01-25 10:05:33,-38.3739,-60.2798,64.26,70,99,6.15
202,Angoche,MZ,2022-01-25 10:05:34,-16.2325,39.9086,85.73,69,97,14.14
203,Souillac,MU,2022-01-25 10:01:05,-20.5167,57.5167,84.36,56,88,15.59
204,Orotukan,RU,2022-01-25 10:05:34,62.2667,151.7,-33.09,100,74,3.2
205,Narsaq,GL,2022-01-25 10:05:35,60.9167,-46.05,23.22,94,100,4.05
206,Wencheng,CN,2022-01-25 10:05:35,33.0559,113.7978,42.89,70,100,4.25
207,Beloha,MG,2022-01-25 10:05:35,-25.1667,45.05,92.88,31,0,9.44
208,Panguna,PG,2022-01-25 10:05:36,-6.3164,155.4848,72.21,96,100,1.52
209,Hovd,MN,2022-01-25 10:05:36,48.0056,91.6419,-1.91,88,19,1.23
210,Taoudenni,ML,2022-01-25 10:05:37,22.6783,-3.9836,72.9,13,100,10.54
211,Chumikan,RU,2022-01-25 10:05:37,54.7183,135.315,-0.29,87,13,15.26
212,Krasnyy Chikoy,RU,2022-01-25 10:05:37,50.3643,108.7512,4.77,95,100,3.33
213,Grindavik,IS,2022-01-25 10:05:38,63.8424,-22.4338,37.87,100,100,43.73
214,San Patricio,US,2022-01-25 10:05:38,28.017,-97.5169,51.89,92,1,7.02
215,Suluktu,KG,2022-01-25 10:05:39,39.9337,69.57,33.28,46,26,3.94
216,Kedrovyy,RU,2022-01-25 10:05:39,56.1667,91.8167,9.01,96,100,3.56
217,Satinka,RU,2022-01-25 10:05:39,52.3792,41.6819,15.8,93,100,4.88
218,Maceio,BR,2022-01-25 10:05:40,-9.6658,-35.7353,80.04,89,20,2.3
219,Chuy,UY,2022-01-25 10:05:40,-33.6971,-53.4616,74.93,92,88,3.29
220,Matagami,CA,2022-01-25 10:05:41,49.7502,-77.6328,-34.74,100,91,3.13
221,Mayo,US,2022-01-25 10:05:41,38.8876,-76.5119,38.98,81,0,5.35
222,Poopo,BO,2022-01-25 10:05:41,-18.3667,-66.9667,45.03,79,100,4.9
223,La Ronge,CA,2022-01-25 10:05:42,55.1001,-105.2842,-28.66,100,32,4.03
224,Saint Anthony,US,2022-01-25 10:05:42,45.0205,-93.218,-7.08,71,0,5.01
225,Whitehaven,GB,2022-01-25 10:05:42,54.549,-3.5841,38.84,96,92,4.0
226,Ochamchira,GE,2022-01-25 10:05:43,42.7121,41.4721,41.31,77,99,3.33
227,Pirovskoye,RU,2022-01-25 10:05:43,57.6267,92.2658,7.93,96,100,3.04
228,Ixtapa,MX,2022-01-25 10:06:43,20.7,-105.2,65.23,98,1,2.75
229,Tarauaca,BR,2022-01-25 10:06:44,-8.1614,-70.7656,71.82,100,100,0.27
230,Chernyanka,RU,2022-01-25 10:06:44,50.9409,37.8069,14.85,91,100,1.52
231,Pevek,RU,2022-01-25 10:06:44,69.7008,170.3133,-19.55,98,100,6.64
232,Ancud,CL,2022-01-25 10:01:51,-41.8697,-73.8203,50.18,89,0,3.8
233,Gopalpur,IN,2022-01-25 10:06:45,19.2667,84.9167,76.08,62,49,11.74
234,Bethel,US,2022-01-25 10:02:40,41.3712,-73.414,38.55,88,100,0.0
235,Oranjemund,NA,2022-01-25 10:06:45,-28.55,16.4333,71.67,75,27,17.65
236,Ribeira Grande,PT,2022-01-25 10:06:46,38.5167,-28.7,52.2,82,20,10.36
237,Talnakh,RU,2022-01-25 10:06:46,69.4865,88.3972,2.21,97,95,10.87
238,Severo-Kurilsk,RU,2022-01-25 10:06:46,50.6789,156.125,20.26,62,98,4.65
239,Concordia,AR,2022-01-25 10:06:47,-31.393,-58.0209,74.79,91,0,5.75
240,Palanca,RO,2022-01-25 10:06:47,46.5333,26.1167,25.14,62,46,4.36
241,Turbat,PK,2022-01-25 10:06:47,26.0023,63.044,76.46,8,0,10.31
242,Arraial Do Cabo,BR,2022-01-25 10:06:11,-22.9661,-42.0278,76.86,83,0,11.5
243,Rundu,NA,2022-01-25 10:06:48,-17.9333,19.7667,88.05,26,75,10.36
244,Lasa,IT,2022-01-25 10:06:48,46.6166,10.7002,28.31,66,0,5.46
245,Maldonado,UY,2022-01-25 10:06:47,-34.6667,-54.9167,74.59,88,66,3.53
246,Ambilobe,MG,2022-01-25 10:06:49,-13.2,49.05,83.25,67,99,2.28
247,Alofi,NU,2022-01-25 10:06:49,-19.0595,-169.9187,81.01,75,5,10.69
248,Luena,AO,2022-01-25 10:06:49,-11.7833,19.9167,74.86,59,100,5.12
249,Ajaccio,FR,2022-01-25 10:06:50,42.0,8.9167,48.69,71,0,3.44
250,Cardoso,BR,2022-01-25 10:06:50,-20.0819,-49.9142,74.97,80,57,3.2
251,Pacific Grove,US,2022-01-25 10:06:14,36.6177,-121.9166,51.8,89,0,3.0
252,Bengkulu,ID,2022-01-25 10:06:51,-3.8004,102.2655,83.88,68,60,4.83
253,Nandi Hills,KE,2022-01-25 10:06:51,0.1066,35.1838,80.1,22,96,4.45
254,Dukat,RU,2022-01-25 10:06:51,62.55,155.55,-27.92,99,94,2.44
255,Margate,GB,2022-01-25 10:06:52,51.3813,1.3862,41.7,78,83,2.06
256,Alice Springs,AU,2022-01-25 10:06:52,-23.7,133.8833,87.35,48,100,16.11
257,Dalvik,IS,2022-01-25 10:06:53,65.9702,-18.5286,33.39,83,74,10.67
258,Pokaran,IN,2022-01-25 10:06:53,26.9167,71.9167,68.14,18,0,4.21
259,Cedar City,US,2022-01-25 10:02:34,37.6775,-113.0619,36.39,47,40,10.36
260,Skibbereen,IE,2022-01-25 10:06:54,51.55,-9.2667,46.2,75,100,3.24
261,Baghdad,IQ,2022-01-25 10:02:30,33.3406,44.4009,61.95,27,0,5.37
262,Henties Bay,NA,2022-01-25 10:06:54,-22.116,14.2845,74.86,63,1,12.55
263,Kankan,GN,2022-01-25 10:06:55,10.3854,-9.3057,79.45,11,73,9.62
264,Atasu,KZ,2022-01-25 10:06:55,48.6814,71.6433,12.11,86,5,2.13
265,San Miguel,SV,2022-01-25 10:06:55,13.4833,-88.1833,69.57,80,27,1.74
266,San Jose,US,2022-01-25 10:05:21,37.3394,-121.895,51.85,76,0,0.0
267,Tsagan Aman,RU,2022-01-25 10:06:56,47.5639,46.7218,30.9,94,100,2.08
268,Ngunguru,NZ,2022-01-25 10:06:56,-35.6167,174.5,67.15,89,76,7.85
269,Akyab,MM,2022-01-25 10:06:57,20.15,92.9,77.58,62,10,9.46
270,Charleston,US,2022-01-25 10:04:00,32.7766,-79.9309,47.01,86,40,1.99
271,Fortuna,US,2022-01-25 10:06:57,40.5982,-124.1573,46.65,94,0,1.99
272,Piacabucu,BR,2022-01-25 10:06:57,-10.4056,-36.4344,79.16,77,99,8.41
273,Komsomolskiy,UZ,2022-01-25 10:06:58,40.4272,71.7189,40.42,31,46,2.75
274,Caravelas,BR,2022-01-25 10:06:58,-17.7125,-39.2481,73.02,94,100,4.36
275,Ca Mau,VN,2022-01-25 10:07:59,9.1769,105.15,82.87,64,87,7.56
276,Bambous Virieux,MU,2022-01-25 10:07:59,-20.3428,57.7575,84.22,54,94,15.7
277,Abha,SA,2022-01-25 10:07:59,18.2164,42.5053,71.85,25,0,9.22
278,Nanortalik,GL,2022-01-25 10:08:00,60.1432,-45.2371,20.21,76,94,1.86
279,Nyimba,ZM,2022-01-25 10:08:00,-14.5566,30.8149,67.93,98,100,6.91
280,Estrela,BR,2022-01-25 10:08:00,-28.0611,-50.9383,66.18,98,35,5.01
281,Zyryanka,RU,2022-01-25 10:08:01,65.75,150.85,-34.98,100,97,6.15
282,Morant Bay,JM,2022-01-25 10:08:01,17.8815,-76.4093,70.63,80,0,6.26
283,Ambatondrazaka,MG,2022-01-25 10:08:01,-17.8333,48.4167,68.88,94,100,4.36
284,Guaraciaba Do Norte,BR,2022-01-25 10:08:02,-4.1669,-40.7475,66.36,83,100,2.95
285,Yuksekova,TR,2022-01-25 10:08:02,37.5736,44.2872,26.35,86,20,1.14
286,Kahului,US,2022-01-25 10:06:28,20.8947,-156.47,72.84,83,40,6.91
287,Comodoro Rivadavia,AR,2022-01-25 10:08:03,-45.8667,-67.5,58.86,51,0,20.71
288,Juegang,CN,2022-01-25 10:08:03,32.3174,121.1855,41.92,74,100,6.62
289,Katsuura,JP,2022-01-25 10:08:04,35.1333,140.3,46.11,84,100,9.44
290,Bathsheba,BB,2022-01-25 10:08:04,13.2167,-59.5167,75.81,78,40,16.11
291,Jieshi,CN,2022-01-25 10:08:04,22.8134,115.8257,67.95,79,30,15.73
292,Marawi,PH,2022-01-25 10:08:05,7.9986,124.2928,67.64,99,99,2.59
293,Dayong,CN,2022-01-25 10:08:05,25.0209,118.2898,62.89,74,99,4.59
294,Nuuk,GL,2022-01-25 10:08:05,64.1835,-51.7216,14.34,92,100,5.41
295,Lorengau,PG,2022-01-25 10:08:06,-2.0226,147.2712,82.15,79,74,5.39
296,Nha Trang,VN,2022-01-25 10:07:54,12.25,109.1833,78.8,83,69,6.51
297,Port-Cartier,CA,2022-01-25 10:08:06,50.0334,-66.8654,-8.25,98,95,4.74
298,Doha,QA,2022-01-25 10:07:14,25.2867,51.5333,80.58,13,0,2.3
299,Atbasar,KZ,2022-01-25 10:08:07,51.8,68.3333,11.26,88,100,5.93
300,Goundam,ML,2022-01-25 10:08:07,16.4145,-3.6708,74.73,11,39,16.46
301,Novomykolayivka,UA,2022-01-25 10:08:07,47.9781,35.9102,21.45,93,88,9.06
302,Udachnyy,RU,2022-01-25 10:08:08,66.4167,112.4,-16.01,100,97,3.89
303,Fontanafredda,IT,2022-01-25 10:08:08,45.9736,12.5691,45.61,66,13,1.01
304,Evensk,RU,2022-01-25 10:08:08,61.95,159.2333,-14.06,86,37,7.96
305,Pimentel,PE,2022-01-25 10:08:09,-6.8367,-79.9342,69.42,89,100,7.85
306,Buta,CD,2022-01-25 10:08:09,2.7858,24.73,95.88,18,89,4.5
307,Valledupar,CO,2022-01-25 10:08:09,10.4631,-73.2532,71.2,76,89,6.33
308,Sabang,ID,2022-01-25 10:08:10,5.8933,95.3214,81.86,74,63,14.16
309,Osasco,BR,2022-01-25 10:08:10,-23.5325,-46.7917,72.59,87,20,2.3
310,Senador Jose Porfirio,BR,2022-01-25 10:08:11,-2.5908,-51.9542,72.32,95,99,2.82
311,Bandarbeyla,SO,2022-01-25 10:08:11,9.4942,50.8122,78.71,54,0,23.31
312,Antofagasta,CL,2022-01-25 10:06:04,-23.65,-70.4,63.68,82,63,0.56
313,Mersing,MY,2022-01-25 10:08:12,2.4312,103.8405,81.19,70,45,10.8
314,Port Lincoln,AU,2022-01-25 10:08:12,-34.7333,135.8667,71.47,81,17,9.84
315,Eidfjord,NO,2022-01-25 10:08:13,60.4675,7.0719,36.73,92,100,4.83
316,Bacolod,PH,2022-01-25 10:08:13,10.6667,122.95,76.71,93,100,14.83
317,Grand Valley,CA,2022-01-25 10:08:14,43.9001,-80.3164,15.96,96,75,6.26
318,Strezhevoy,RU,2022-01-25 10:08:14,60.7333,77.5889,3.18,96,80,5.99
319,Kavieng,PG,2022-01-25 10:08:14,-2.5744,150.7967,83.28,73,42,6.71
320,Adrar,MR,2022-01-25 10:08:15,20.5022,-10.0711,73.11,14,100,8.16
321,Volodarka,UA,2022-01-25 10:09:15,49.5248,29.9122,18.59,78,81,5.61
322,Biskamzha,RU,2022-01-25 10:09:15,53.4497,89.5272,12.49,95,100,2.91
323,Nizwa,OM,2022-01-25 10:09:16,22.9333,57.5333,77.25,20,3,3.8
324,Basco,PH,2022-01-25 10:09:16,20.4487,121.9702,75.36,79,88,22.46
325,Lompoc,US,2022-01-25 10:06:34,34.6391,-120.4579,56.79,91,100,5.75
326,Burns Lake,CA,2022-01-25 10:09:17,54.2331,-125.7533,24.6,100,100,2.48
327,Omboue,GA,2022-01-25 10:09:17,-1.5746,9.2618,81.46,76,97,5.75
328,Acapulco,MX,2022-01-25 10:06:30,16.8634,-99.8901,71.42,83,75,3.44
329,Boralday,KZ,2022-01-25 10:09:17,43.3578,76.8594,30.06,74,75,6.71
330,Bontang,ID,2022-01-25 10:09:18,0.1333,117.5,81.45,80,72,6.29
331,Portoferraio,IT,2022-01-25 10:09:18,42.8115,10.3146,53.08,55,0,3.87
332,Lavrentiya,RU,2022-01-25 10:09:19,65.5833,-171.0,-11.72,93,100,6.64
333,Boda,CF,2022-01-25 10:09:19,4.3189,17.4695,94.84,11,100,10.63
334,Laguna,US,2022-01-25 10:09:19,38.421,-121.4238,52.02,93,0,0.0
335,Tahta,EG,2022-01-25 10:09:20,26.7693,31.5021,57.25,28,0,9.89
336,Pravia,ES,2022-01-25 10:09:20,43.4906,-6.1508,45.07,81,0,6.91
337,Kaeo,NZ,2022-01-25 10:09:21,-35.1,173.7833,67.32,94,33,3.65
338,Cidreira,BR,2022-01-25 10:09:21,-30.1811,-50.2056,76.55,91,100,11.72
339,Pangai,TO,2022-01-25 10:09:21,-19.8,-174.35,81.25,77,12,13.15
340,Hanko,FI,2022-01-25 10:09:22,59.8333,22.95,34.05,87,53,12.59
341,La Romana,DO,2022-01-25 10:09:22,18.4273,-68.9728,62.33,85,0,4.97
342,Umm Lajj,SA,2022-01-25 10:09:22,25.0213,37.2685,69.84,41,1,14.72
343,Rawlins,US,2022-01-25 10:08:58,41.7911,-107.2387,25.02,89,100,9.22
344,Patrasaer,IN,2022-01-25 10:09:23,23.2167,87.5167,76.95,42,29,4.16
345,Touros,BR,2022-01-25 10:09:23,-5.1989,-35.4608,77.9,71,100,10.38
346,The Valley,AI,2022-01-25 10:09:24,18.217,-63.0578,76.86,65,4,18.05
347,Domanivka,UA,2022-01-25 10:09:24,47.6319,30.9885,23.59,78,100,12.28
348,Paamiut,GL,2022-01-25 10:09:24,61.994,-49.6678,21.94,73,100,13.27
349,Constitucion,CL,2022-01-25 10:09:25,-35.3333,-72.4167,56.95,80,0,4.72
350,Muli,MV,2022-01-25 10:09:25,2.9167,73.5667,81.12,61,61,10.33
351,Inyonga,TZ,2022-01-25 10:09:25,-6.7167,32.0667,65.25,95,100,5.32
352,Culpeper,US,2022-01-25 10:09:26,38.5004,-77.9664,39.87,77,0,1.99
353,Umm Kaddadah,SD,2022-01-25 10:09:26,13.6017,26.6876,78.87,12,18,17.05
354,Hami,CN,2022-01-25 10:09:26,42.8,93.45,29.62,40,100,2.08
355,Hosakote,IN,2022-01-25 10:09:27,14.2769,77.1699,83.84,31,5,2.51
356,Kavaratti,IN,2022-01-25 10:09:27,10.5669,72.642,78.17,57,88,7.76
357,Kulhudhuffushi,MV,2022-01-25 10:09:27,6.6221,73.07,80.85,60,52,9.57
358,Viedma,AR,2022-01-25 10:09:28,-40.8135,-62.9967,65.03,68,0,11.48
359,Galesong,ID,2022-01-25 10:08:06,-5.3166,119.3661,84.22,79,100,8.43
360,Naze,JP,2022-01-25 10:09:28,28.3667,129.4833,57.88,68,71,15.97
361,Port Macquarie,AU,2022-01-25 10:09:29,-31.4333,152.9167,72.9,72,100,3.15
362,Vestmanna,FO,2022-01-25 10:09:29,62.1564,-7.1664,41.92,81,100,10.36
363,Aksu,CN,2022-01-25 10:09:29,41.1231,80.2644,34.54,36,5,2.17
364,Axim,GH,2022-01-25 10:09:30,4.8699,-2.2405,84.47,60,8,5.3
365,Alta Floresta,BR,2022-01-25 10:09:30,-9.8756,-56.0861,68.86,98,98,1.25
366,Belaya Gora,RU,2022-01-25 10:06:00,68.5333,146.4167,-16.49,99,100,3.56
367,Tara,RU,2022-01-25 10:10:31,56.8944,74.371,13.8,95,100,5.97
368,Onguday,RU,2022-01-25 10:10:31,50.75,86.15,5.18,94,30,1.01
369,Labuhan,ID,2022-01-25 10:10:31,-6.8844,112.2051,82.94,82,69,18.52
370,Chauk,MM,2022-01-25 10:10:32,20.8833,94.8167,81.79,39,2,4.47
371,Wanning,CN,2022-01-25 10:10:34,18.8003,110.3967,72.81,88,25,9.28
372,Sao Joao Da Barra,BR,2022-01-25 10:10:35,-21.6403,-41.0511,78.89,86,4,8.28
373,Seoul,KR,2022-01-25 10:10:35,37.5683,126.9778,36.84,97,97,3.91
374,Amapa,BR,2022-01-25 10:10:35,1.0,-52.0,70.99,99,100,1.36
375,Hue,VN,2022-01-25 10:08:31,16.4667,107.6,75.31,88,40,9.22
376,Kencong,ID,2022-01-25 10:10:36,-8.2833,113.3667,82.49,82,98,8.52
377,Garden City,US,2022-01-25 10:07:01,42.3256,-83.331,17.42,83,75,5.75
378,Avera,US,2022-01-25 10:10:37,33.194,-82.5271,48.7,76,100,5.66
379,Sechura,PE,2022-01-25 10:10:37,-5.5569,-80.8222,70.79,85,100,7.0
380,Saint-Louis,SN,2022-01-25 10:10:37,16.3333,-15.0,80.82,9,100,16.62
381,Tual,ID,2022-01-25 10:10:38,-5.6667,132.75,84.0,77,90,9.17
382,Kodiak,US,2022-01-25 10:09:03,57.79,-152.4072,35.11,69,75,10.36
383,Hamilton,US,2022-01-25 10:10:38,39.1834,-84.5333,27.84,78,100,3.0
384,Rawson,AR,2022-01-25 10:10:39,-43.3002,-65.1023,67.89,44,0,10.0
385,Pavino,RU,2022-01-25 10:10:39,59.1139,46.1414,16.12,92,77,10.33
386,Grand-Santi,GF,2022-01-25 10:10:39,4.25,-54.3833,70.97,100,94,1.86
387,Nefteyugansk,RU,2022-01-25 10:10:40,61.0998,72.6035,3.45,99,82,4.0
388,Finschhafen,PG,2022-01-25 10:10:40,-6.6024,147.8681,82.4,84,100,13.18
389,Kasongo,CD,2022-01-25 10:10:41,-4.45,26.6667,73.87,84,100,3.13
390,Sembe,CG,2022-01-25 10:10:41,1.6481,14.5806,96.19,22,97,2.1
391,Praia Da Vitoria,PT,2022-01-25 10:10:42,38.7333,-27.0667,56.75,86,62,5.93
392,Lagos,NG,2022-01-25 10:07:14,6.5833,3.75,92.05,12,7,5.95
393,Sudbury,CA,2022-01-25 10:10:42,46.49,-80.99,-6.95,83,75,6.87
394,Monrovia,LR,2022-01-25 10:10:43,6.3005,-10.7969,78.57,69,99,5.73
395,Bubaque,GW,2022-01-25 10:10:43,11.2833,-15.8333,78.26,45,100,14.38
396,Canutama,BR,2022-01-25 10:10:43,-6.5339,-64.3831,72.32,99,100,1.83
397,Manzanillo,CU,2022-01-25 10:10:43,20.3433,-77.1167,64.26,85,0,7.96
398,Mapiripan,CO,2022-01-25 10:10:44,2.8892,-72.1256,72.63,65,89,4.5
399,Bansi,IN,2022-01-25 10:10:44,27.1833,82.9333,67.95,54,11,8.37
400,Blagodatnoye,RU,2022-01-25 10:10:45,45.3997,42.5867,31.12,88,100,6.46
401,Katangli,RU,2022-01-25 10:10:45,51.7102,143.2326,-4.45,98,8,9.04
402,Sola,VU,2022-01-25 10:10:45,-13.8833,167.55,83.34,75,100,8.25
403,Brezovo,BG,2022-01-25 10:10:46,42.35,25.0833,29.91,34,77,3.96
404,Aswan,EG,2022-01-25 10:10:46,24.0934,32.907,63.45,24,1,14.25
405,Shushenskoye,RU,2022-01-25 10:10:47,53.325,91.9356,-0.72,96,97,1.45
406,Pedasi,PA,2022-01-25 10:10:47,7.5333,-80.0333,72.07,75,47,17.45
407,Payson,US,2022-01-25 10:10:47,40.0444,-111.7321,36.39,81,100,5.75
408,College,US,2022-01-25 10:10:48,64.8569,-147.8028,28.35,79,100,4.61
409,Belyy Yar,RU,2022-01-25 10:11:48,53.6039,91.3903,-0.51,85,100,2.24
410,Nome,US,2022-01-25 10:09:03,64.5011,-165.4064,3.27,85,40,20.71
411,Mount Pleasant,US,2022-01-25 10:11:49,32.7941,-79.8626,46.99,87,0,1.99
412,Mareeba,AU,2022-01-25 10:11:49,-17.0,145.4333,76.44,95,100,2.42
413,Zhezkazgan,KZ,2022-01-25 10:11:49,47.8043,67.7144,13.98,73,0,8.95
414,Laurentides,CA,2022-01-25 10:11:50,46.4334,-74.9826,2.98,99,100,1.45
415,Ibra,OM,2022-01-25 10:11:50,22.6906,58.5334,76.71,23,1,1.39
416,Corinto,GR,2022-01-25 10:11:50,37.9407,22.9573,43.63,83,94,11.34
417,Dandong,CN,2022-01-25 10:07:09,40.1292,124.3947,29.32,39,70,3.91
418,Charters Towers,AU,2022-01-25 10:11:51,-20.1,146.2667,73.09,92,100,10.33
419,Saint-Paul,RE,2022-01-25 10:11:51,-21.0096,55.2707,84.31,67,82,2.73
420,Padborg,DK,2022-01-25 10:11:52,54.8266,9.3625,44.1,94,96,12.66
421,Mahibadhoo,MV,2022-01-25 10:11:52,3.7833,72.9667,80.47,61,98,9.95
422,General Roca,AR,2022-01-25 10:11:52,-39.0333,-67.5833,59.4,42,1,2.93
423,Daru,PG,2022-01-25 10:11:53,-9.0763,143.2092,81.3,82,98,3.53
424,Opuwo,NA,2022-01-25 10:11:53,-18.0607,13.84,91.06,22,3,14.2
425,Castelo Do Piaui,BR,2022-01-25 10:11:54,-5.3222,-41.5525,73.74,81,88,2.91
426,Kaseda,JP,2022-01-25 10:11:54,31.4167,130.3167,46.85,65,5,12.48
427,Halifax,CA,2022-01-25 10:11:45,44.6453,-63.5724,28.22,89,100,3.0
428,Mongoumba,CF,2022-01-25 10:11:55,3.6415,18.5936,97.05,13,99,7.16
429,Shimoda,JP,2022-01-25 10:11:55,34.6667,138.95,40.1,89,100,10.45
430,Svetlogorsk,BY,2022-01-25 10:11:55,52.6333,29.7333,21.69,90,100,8.9
431,Nakamura,JP,2022-01-25 10:11:56,32.9833,132.9333,43.21,93,71,3.78
432,Nong Ki,TH,2022-01-25 10:11:56,14.6868,102.538,88.63,25,5,3.06
433,Inirida,CO,2022-01-25 10:11:57,3.8653,-67.9239,73.74,84,90,1.68
434,Lamar,US,2022-01-25 10:11:57,33.6668,-95.5836,46.06,100,75,8.05
435,Hirara,JP,2022-01-25 10:11:57,24.8,125.2833,69.66,71,22,14.54
436,Nizhniy Odes,RU,2022-01-25 10:11:58,63.6445,54.856,22.44,93,100,11.01
437,Bud,US,2022-01-25 10:11:58,39.447,-86.1758,21.24,81,23,10.04
438,Ilulissat,GL,2022-01-25 10:08:35,69.2167,-51.1,21.22,63,40,18.41
439,Camaqua,BR,2022-01-25 10:11:59,-30.8511,-51.8122,75.97,89,79,1.99
440,Tura,IN,2022-01-25 10:11:59,25.5198,90.2201,69.73,48,55,2.71
441,Mayachnyy,RU,2022-01-25 10:11:59,52.6839,55.685,10.11,88,82,4.36
442,Puyang,CN,2022-01-25 10:12:00,29.4603,119.8861,43.63,94,100,4.27
443,Yingcheng,CN,2022-01-25 10:12:00,30.95,113.55,44.94,75,100,1.32
444,Roald,NO,2022-01-25 10:12:01,62.5833,6.1333,39.25,81,75,8.05
445,Bilma,NE,2022-01-25 10:12:01,18.6853,12.9164,65.03,21,0,16.42
446,Balikpapan,ID,2022-01-25 10:10:43,-1.2675,116.8289,80.65,81,100,4.9
447,Blantyre,MW,2022-01-25 10:10:48,-15.785,35.0085,63.97,98,100,10.11
448,Minna,NG,2022-01-25 10:12:02,9.6139,6.5569,85.51,10,21,10.07
449,Salalah,OM,2022-01-25 10:12:02,17.0151,54.0924,82.49,18,0,14.97
450,Brigantine,US,2022-01-25 10:12:03,39.4101,-74.3646,40.05,72,40,6.91
451,Kerman,IR,2022-01-25 10:12:03,30.2832,57.0788,52.45,21,0,2.06
452,Langsa,ID,2022-01-25 10:12:03,4.4683,97.9683,76.8,90,98,1.83
453,North Platte,US,2022-01-25 10:07:23,41.1239,-100.7654,25.0,91,100,1.99
454,Broome,US,2022-01-25 10:12:04,42.2506,-75.833,28.0,77,100,3.0
455,Beipiao,CN,2022-01-25 10:12:04,41.7919,120.7792,23.49,41,1,5.44
456,Ponta Delgada,PT,2022-01-25 10:13:05,37.7333,-25.6667,58.5,82,20,6.91
457,Santona,ES,2022-01-25 10:13:05,43.4439,-3.4576,52.92,63,0,2.71
458,Sayyan,YE,2022-01-25 10:13:05,15.1718,44.3244,66.74,11,88,8.61
459,Staffanstorp,SE,2022-01-25 10:13:06,55.6428,13.2064,43.84,85,75,12.66
460,Nago,JP,2022-01-25 10:13:06,26.5881,127.9761,66.27,70,91,12.19
461,Los Llanos De Aridane,ES,2022-01-25 10:13:07,28.6585,-17.9182,62.13,72,40,5.01
462,Alcains,PT,2022-01-25 10:13:07,39.9164,-7.4566,45.52,65,0,6.38
463,Zheleznodorozhnyy,RU,2022-01-25 10:13:07,55.7503,38.0042,18.12,92,87,6.98
464,Shache,CN,2022-01-25 10:13:08,38.4167,77.2406,38.39,32,0,6.13
465,Zelenets,RU,2022-01-25 10:13:08,61.8849,50.7489,19.42,86,100,11.99
466,El Dorado,US,2022-01-25 10:13:08,38.7666,-120.5177,45.37,56,1,1.99
467,Trairi,BR,2022-01-25 10:13:09,-3.2778,-39.2689,78.39,77,100,4.25
468,Jiuquan,CN,2022-01-25 10:13:09,39.7432,98.5174,26.08,34,100,5.06
469,Porto Walter,BR,2022-01-25 10:13:09,-8.2686,-72.7439,71.06,99,100,1.34
470,Zhigansk,RU,2022-01-25 10:13:10,66.7697,123.3711,-20.0,98,100,3.56
471,Saint-Pierre,RE,2022-01-25 10:13:10,-21.3393,55.4781,83.88,54,20,25.32
472,Odweyne,SO,2022-01-25 10:13:11,9.4092,45.064,81.28,24,27,19.66
473,Visby,SE,2022-01-25 10:13:11,57.6409,18.296,40.05,87,0,8.05
474,Snezhnogorsk,RU,2022-01-25 10:13:11,69.1933,33.2531,24.58,78,79,25.55
475,Preston,GB,2022-01-25 10:13:12,53.7667,-2.7167,36.73,89,100,3.44
476,Yulin,CN,2022-01-25 10:13:12,22.6333,110.15,72.68,67,58,4.54
477,Asau,RO,2022-01-25 10:13:12,46.4333,26.4,28.4,49,10,4.81
478,Antsohihy,MG,2022-01-25 10:13:13,-14.8796,47.9875,73.47,94,100,3.0
479,Shahrud,IR,2022-01-25 10:13:13,36.4182,54.9763,42.57,27,0,3.29
480,San Carlos,VE,2022-01-25 10:10:03,9.6612,-68.5827,69.37,78,78,2.93
481,Te Anau,NZ,2022-01-25 10:13:14,-45.4167,167.7167,52.63,90,76,2.37
482,Ocean City,US,2022-01-25 10:13:14,39.2776,-74.5746,40.01,71,94,1.99
483,Alekseyevsk,RU,2022-01-25 10:13:14,57.8406,108.3492,0.36,99,100,3.15
484,Bikaner,IN,2022-01-25 10:13:15,28.0167,73.3,65.93,27,0,6.67
485,Ierapetra,GR,2022-01-25 10:13:15,35.01,25.7353,44.78,76,81,15.01
486,Mayor Pablo Lagerenza,PY,2022-01-25 10:13:15,-19.9309,-60.7718,76.42,68,100,4.54
487,Ilo,PE,2022-01-25 10:13:16,-17.6394,-71.3375,69.62,85,100,7.16
488,Kalachinsk,RU,2022-01-25 10:13:16,55.0529,74.5751,12.58,90,100,8.86
489,Muzhi,RU,2022-01-25 10:13:17,65.3667,64.6667,11.71,94,100,10.58
490,Morondava,MG,2022-01-25 10:13:17,-20.2833,44.2833,86.68,61,100,8.01
491,Zeya,RU,2022-01-25 10:13:17,53.75,127.2667,-5.46,99,11,2.86
492,Sao Gotardo,BR,2022-01-25 10:13:18,-19.3111,-46.0489,64.62,93,99,2.91
493,Vila Do Maio,CV,2022-01-25 10:13:18,15.1333,-23.2167,77.79,76,54,19.26
494,Cap Malheureux,MU,2022-01-25 10:13:19,-19.9842,57.6142,84.47,51,49,8.01
495,Tselinnoye,RU,2022-01-25 10:13:19,53.0833,85.6667,2.52,96,100,3.94
496,Lac-Megantic,CA,2022-01-25 10:13:19,45.5834,-70.8823,15.21,96,100,3.22
497,Sunbury,AU,2022-01-25 10:13:20,-37.5833,144.7333,82.22,65,0,1.99
498,Covington,US,2022-01-25 10:13:20,39.0837,-84.5086,28.33,79,100,4.0
499,Lufilufi,WS,2022-01-25 10:13:20,-13.8745,-171.5986,76.78,75,100,4.85
500,Puerto Escondido,MX,2022-01-25 10:14:21,15.85,-97.0667,73.98,67,2,6.96
501,Massena,US,2022-01-25 10:14:21,44.9281,-74.8919,13.71,78,100,6.91
502,Vostok,RU,2022-01-25 10:14:21,46.4856,135.8833,-1.8,99,100,3.22
503,Anshun,CN,2022-01-25 10:14:22,26.25,105.9333,45.36,98,100,6.42
504,Bambanglipuro,ID,2022-01-25 10:14:22,-7.95,110.2833,66.6,80,90,10.78
505,Shumskiy,RU,2022-01-25 10:14:23,54.8318,99.1328,7.16,98,97,1.81
506,Kupang,ID,2022-01-25 10:14:23,-10.1667,123.5833,82.98,83,40,9.22
507,Thung Song,TH,2022-01-25 10:14:24,8.1645,99.6804,85.51,57,75,8.39
508,Nara,JP,2022-01-25 10:14:24,34.6851,135.8049,45.68,47,97,2.46
509,Verkhnevilyuysk,RU,2022-01-25 10:14:25,63.4453,120.3167,-25.64,100,57,3.67
510,Namtsy,RU,2022-01-25 10:14:25,62.7161,129.6658,-29.09,100,98,2.24
511,Ilhabela,BR,2022-01-25 10:14:25,-23.7781,-45.3581,77.05,86,98,0.65
512,Mount Isa,AU,2022-01-25 10:14:26,-20.7333,139.5,78.57,94,100,1.14
513,Petropavlovsk-Kamchatskiy,RU,2022-01-25 10:14:26,53.0452,158.6483,4.78,71,41,6.46
514,Richards Bay,ZA,2022-01-25 10:14:26,-28.783,32.0377,87.4,50,0,8.86
515,Tilichiki,RU,2022-01-25 10:14:27,60.4667,166.1,-20.78,92,11,7.18
516,Vila Franca Do Campo,PT,2022-01-25 10:14:27,37.7167,-25.4333,58.19,82,70,6.15
517,San Cristobal,VE,2022-01-25 10:14:28,7.7669,-72.225,68.18,93,73,0.69
518,Awbari,LY,2022-01-25 10:14:28,26.5921,12.7805,53.76,39,0,8.05
519,Wadena,US,2022-01-25 10:14:28,46.4425,-95.1361,-14.91,76,0,5.75
520,Gurupa,BR,2022-01-25 10:14:29,-1.405,-51.64,72.28,95,99,2.01
521,Dingle,PH,2022-01-25 10:14:29,10.9995,122.6711,74.93,95,100,9.51
522,Kapit,MY,2022-01-25 10:14:29,2.0167,112.9333,79.2,86,100,2.46
523,Contai,IN,2022-01-25 10:14:30,21.7786,87.7536,76.06,53,4,8.12
524,Mapimi,MX,2022-01-25 10:14:30,25.8167,-103.85,43.18,51,0,3.53
525,Cangzhou,CN,2022-01-25 10:14:30,38.3167,116.8667,32.68,60,6,5.12
526,Havre-Saint-Pierre,CA,2022-01-25 10:14:31,50.2334,-63.5986,5.59,84,0,4.61
527,Dicabisagan,PH,2022-01-25 10:14:31,17.0818,122.4157,75.7,84,38,7.49
528,Meerbusch,DE,2022-01-25 10:14:31,51.2833,6.6667,41.22,82,100,1.99
529,Wamba,NG,2022-01-25 10:14:32,8.9333,8.6,89.8,10,3,3.96
530,Victoria,HK,2022-01-25 10:11:40,22.2855,114.1577,70.18,87,51,5.01
531,Diu,IN,2022-01-25 10:14:32,20.7141,70.9822,74.88,29,0,7.83
532,Kampot,KH,2022-01-25 10:14:33,10.6167,104.1833,84.25,66,45,5.99
533,Dong Hoi,VN,2022-01-25 10:14:33,17.4833,106.6,73.33,88,48,3.06
534,Rantepao,ID,2022-01-25 10:14:33,-2.9701,119.8978,72.5,91,99,0.89
535,Bazarnyye Mataki,RU,2022-01-25 10:14:34,54.8833,49.9333,10.29,91,36,6.26
536,Conceicao Do Araguaia,BR,2022-01-25 10:12:46,-8.2578,-49.2647,71.65,95,17,2.75
537,Drayton Valley,CA,2022-01-25 10:14:34,53.2168,-114.9854,19.63,95,66,6.62
538,Kpandu,GH,2022-01-25 10:14:35,6.9954,0.2931,86.41,21,18,1.41
539,Killybegs,IE,2022-01-25 10:14:35,54.6333,-8.45,44.46,82,38,6.78
540,Baijiantan,CN,2022-01-25 10:14:35,45.6333,85.1833,14.49,84,100,3.2
541,Yoichi,JP,2022-01-25 10:14:36,43.2039,140.7703,23.77,72,89,2.26
542,Kuliyapitiya,LK,2022-01-25 10:14:36,7.4688,80.0401,85.12,53,97,8.25
543,Champasak,LA,2022-01-25 10:14:37,14.75,106.0,90.28,29,7,3.33
544,Chimbote,PE,2022-01-25 10:14:37,-9.0853,-78.5783,69.94,87,100,5.28
545,Husavik,IS,2022-01-25 10:14:37,66.0449,-17.3389,40.91,69,60,26.64
546,Yukamenskoye,RU,2022-01-25 10:14:38,57.8865,52.2416,13.93,90,53,8.79
547,Poya,NC,2022-01-25 10:15:38,-21.35,165.15,76.71,77,84,4.61
548,Faya,SA,2022-01-25 10:15:39,18.3851,42.4509,75.31,34,5,4.81
549,Rio Grande,BR,2022-01-25 10:15:39,-32.035,-52.0986,74.95,92,77,3.74
550,Altay,CN,2022-01-25 10:15:39,47.8667,88.1167,2.98,75,82,4.97
551,Kangaatsiaq,GL,2022-01-25 10:15:40,68.3065,-53.4641,15.93,85,100,19.73
552,Kommunisticheskiy,RU,2022-01-25 10:15:40,61.6789,64.4819,13.01,95,100,6.22
553,Ibicarai,BR,2022-01-25 10:15:41,-14.865,-39.5875,75.18,96,96,0.98
554,Fare,PF,2022-01-25 10:15:41,-16.7,-151.0167,80.44,77,100,8.77
555,Chavakkad,IN,2022-01-25 10:15:42,10.5333,76.05,86.07,65,49,13.82
556,San Quintin,MX,2022-01-25 10:15:42,30.4833,-115.95,56.16,75,4,4.54
557,Busayra,JO,2022-01-25 10:15:42,30.7376,35.6078,43.36,62,11,4.25
558,Ceyhan,TR,2022-01-25 10:15:43,37.0247,35.8175,44.44,55,100,7.92
559,Gazojak,TM,2022-01-25 10:15:43,41.1875,61.4036,33.78,72,2,8.97
560,Tamiahua,MX,2022-01-25 10:15:43,21.2667,-97.45,63.93,94,42,2.82
561,Selaphum,TH,2022-01-25 10:15:44,16.0299,103.9383,92.01,25,0,4.09
562,Wewak,PG,2022-01-25 10:15:44,-3.5534,143.6268,80.56,80,100,5.14
563,Sorland,NO,2022-01-25 10:15:44,67.667,12.6934,31.86,61,100,28.03
564,Williston,US,2022-01-25 10:15:45,48.147,-103.618,0.91,91,86,4.56
565,Cookeville,US,2022-01-25 10:15:02,36.1628,-85.5016,42.64,84,100,4.61
566,Jalu,LY,2022-01-25 10:15:45,29.0331,21.5482,56.16,55,49,12.73
567,Bonavista,CA,2022-01-25 10:15:46,48.6499,-53.1147,32.11,90,85,22.93
